{"Elementalist": 0.07395897017726816, "Scytheguard": 0.1724763440525433, "Gunner": 0.18758957527576764, "Bounty Hunter": 0.163427012482381, "Berserker": 0.09247899413590305, "Warlock": 0.17309995495337036, "Magiblade": 0.2656702734304231, "Cloudstrider": 0.1321908049199643, "Starbreaker": 0.2106608169585951, "Blademaiden": 0.24460784540438762, "Mystrix": 0.18438328619374997, "Magician": 0.14400538624008397}